id;user_id;email;message;create_time
7cb4db10-0b71-41bd-8d80-fb3bc750aafa;a3f800ba-29e6-4cbb-b580-f2f4af3ffd9d;"-@L1_C.y";../fake-data/blob/hipster.txt;2022-06-10T04:29:20
03d59e03-e1dd-43ea-8d52-5fecaa910fd6;3395fed3-489d-4cc8-bea5-bc63831c56e7;"$[TN@|h-Sl.c$3w";../fake-data/blob/hipster.txt;2022-06-10T01:08:20
a2933b16-498f-45c6-b375-249af4caf6d8;637b579b-5b54-4203-9022-d79ad8c64d23;"Kb(@Q#.'^6}";../fake-data/blob/hipster.txt;2022-06-10T01:06:38
8dc65956-dfc8-43f6-8046-49c69a9ea6e9;0ce2ec8a-133d-4a30-a960-5cc32a813d59;"BMy4'?@&].^k<g";../fake-data/blob/hipster.txt;2022-06-09T10:01:08
68edb6cd-826b-4ccd-81b7-d57788b9e710;1d38672d-a4b2-4f44-b7b0-955b3247c8dc;"&&:a@1[jzr6.E";../fake-data/blob/hipster.txt;2022-06-09T23:32:37
23cd1c31-f43f-47ce-ad28-7baf7130f6e6;2cf55183-d97f-4cc7-900c-8c2fa5704946;"jT@G.sDGF";../fake-data/blob/hipster.txt;2022-06-09T15:43:22
20d2f6c0-414e-4adb-a9e5-740118f7a0fd;15555908-f1ad-4314-b92e-0160e32c0347;"$7fVjm@sFbB.np_";../fake-data/blob/hipster.txt;2022-06-09T11:08:34
2f2d1ffa-4876-42bd-b856-799ed2e52901;dbd0a9b9-9900-498f-9079-368f5a09fe1b;"zm8x`@NeN}.k";../fake-data/blob/hipster.txt;2022-06-10T02:32:31
43527924-7377-44d9-ae1b-155aeb4d18c8;cf68d8f0-4439-4fc8-9437-8c664d5e3795;"P<j{@3D[.oMJtq";../fake-data/blob/hipster.txt;2022-06-09T15:39:22
6d0cfaea-68bc-482a-a027-08792bf9584d;66046a63-a6c8-4427-bf64-6bd776d49c5b;"/-@bj(;6J.HDi+6";../fake-data/blob/hipster.txt;2022-06-10T02:02:21
